"name","occurrences","import"
"TextBody",26,"'@cbhq/cds-web/typography'"
"TableCell",23,"'@assethub/shared/components/Table'"
"VStack",21,"'@cbhq/cds-web/layout'"
"Spacer",21,"'@cbhq/cds-web/layout'"
"Button",21,"'@cbhq/cds-web/buttons'"
"TextTitle3",20,"'@cbhq/cds-web/typography'"
"PageSidebarRow",19,"'@assethub/admin/components/Page'"
"PageSidebarLabel",19,"'@assethub/admin/components/Page'"
"TextLabel2",18,"'@cbhq/cds-web/typography'"
"HStack",15,"'@cbhq/cds-web/layout'"
"StatusBadge",14,"local"
"TableRow",12,"'@assethub/shared/components/Table'"
"DataRow",12,"local"
"Box",12,"'@cbhq/cds-web/layout'"
"Link",11,"'@cbhq/cds-web/typography/Link'"
"Divider",8,"'@cbhq/cds-web/layout'"
"FormControl",6,"local"
"Blockquote",6,"'@assethub/shared/components'"
"Page",6,"'@assethub/admin/components/Page'"
"PageTab",6,"'@assethub/admin/components/Page'"
"PageSidebarModule",6,"'@assethub/admin/components/Page'"
"Spinner",5,"'@assethub/shared/components/Spinner/Spinner'"
"Modal",5,"'@assethub/shared/components'"
"ModalTitle",5,"'@assethub/shared/components'"
"ModalContent",5,"'@assethub/shared/components'"
"ModalFooter",5,"'@assethub/shared/components'"
"DataTable",5,"'@assethub/shared/components/DataTable'"
"PageSidebarHeading",5,"'@assethub/admin/components/Page'"
"Table",4,"'@assethub/shared/components/Table'"
"TableHead",4,"'@assethub/shared/components/Table'"
"Icon",4,"'@cbhq/cds-web/icons'"
"Avatar",4,"'@assethub/shared/components/Avatar/Avatar'"
"TextTitle1",4,"'@cbhq/cds-web/typography'"
"Outlet",3,"'react-router-dom'"
"StatusSelect",3,"local"
"TableBody",3,"'@assethub/shared/components/Table'"
"TextInput",3,"'@assethub/shared/components'"
"AssetIcon",3,"local"
"IconButton",3,"'@cbhq/cds-web/buttons'"
"AppSidebarItem",3,"local"
"HistoryItem",3,"local"
"ReviewButtonOrStatus",3,"local"